std,mean
0.19412884409196268,0.8195513999085425
