std,mean
0.10057616122160679,0.1274901960784312
