std,mean
0.1962467886980637,0.8486446159242559
