std,mean
0.20935657493807058,0.15409423344474235
