std,mean
0.1780040103818406,0.3307700953375107
