std,mean
0.00672829739989693,0.9957861706425856
