std,mean
0.17125334546838047,0.23020867952463225
