std,mean
0.16358158275982462,0.5025126920205323
