std,mean
0.22359195778118357,0.7534050054589787
