std,mean
0.1565055143236985,0.6217624029717977
