std,mean
0.17321720640913055,0.42985361171226455
