std,mean
0.1610970082790033,0.6976412936040264
