std,mean
0.17038643338035622,0.18094885335619446
