std,mean
0.1483432670313985,0.8412998071229116
