std,mean
0.18986779170689447,0.7244167300013835
