std,mean
0.15440440932116845,0.27175872114592214
