std,mean
0.17362110721343188,0.4013836628144146
