std,mean
0.1728513108296483,0.7722579353654409
