std,mean
0.17563543080479926,0.25407022801759616
