std,mean
0.20568431170041496,0.7970043842632409
