std,mean
0.1623108347955031,0.5557084446582277
