std,mean
0.16213000084294393,0.4599888582813547
