std,mean
0.1733453485928514,0.3755956401881643
