std,mean
0.1610753587974577,0.6717890318621139
