std,mean
0.16263084856908103,0.47680111907750417
